words,fragmented,configuration,operation,before_sync_ms,after_sync_ms,after_patch_ms,after_caret_ms,after_layers_collect_ms,after_notification_ms,after_serialization_window_ms
1000,False,editor,typing undo,3.6000000000349246,2.699999999953434,0.4000000001396984,1.0999999998603016,0,0.4000000001396984,0
1000,False,editor,typing redo,1.7999999999883585,1.1999999999534339,0.10000000009313226,0.5999999998603016,0,0.30000000004656613,0
1000,False,editor,deletion undo,1.7999999999883585,1.3999999999068677,0.10000000009313226,0.6000000000931323,0,0.39999999990686774,0
1000,False,editor,deletion redo,1.400000000023283,1.3000000000465661,0.19999999995343387,0.6999999999534339,0,0.30000000004656613,0
1000,False,editor,paste undo,2.400000000023283,2.300000000046566,1,0.7999999998137355,0,0.30000000004656613,0
1000,False,editor,paste redo,2.3999999999650754,2.5999999998603016,0.6999999999534339,1.5,0,0.20000000018626451,0
1000,False,editor,properties undo,0.7999999999883585,0.8000000000465661,0,0.30000000004656613,0,0.30000000004656613,0
1000,False,editor,properties redo,1.2999999999883585,1,0.10000000009313226,0.5,0,0.30000000004656613,0
1000,False,editor,insertion undo,1.5,1.0999999998603016,0.10000000009313226,0.6000000000931323,0,0.2999999998137355,0
1000,False,editor,insertion redo,1.7999999999883585,1,0.10000000009313226,0.6000000000931323,0,0.19999999995343387,0
1000,False,editor,structure undo,1.5,1.0999999998603016,0.39999999990686774,0.39999999990686774,0,0.19999999995343387,0
1000,False,editor,structure redo,3,3,0.09999999986030161,2.4000000001396984,0,0.19999999995343387,0
1000,False,fileview,typing undo,2.7999999999883585,2.0999999998603016,0.39999999990686774,0.8999999999068677,0,0.30000000004656613,5
1000,False,fileview,typing redo,1.7000000000116415,1.5999999998603016,0.10000000009313226,0.9000000001396984,0,0.2999999998137355,2.9000000001396984
1000,False,fileview,deletion undo,2.099999999976717,1.3000000000465661,0.10000000009313226,0.6000000000931323,0,0.19999999995343387,2.300000000046566
1000,False,fileview,deletion redo,1.2999999999883585,1.1999999999534339,0,0.8000000000465661,0,0.19999999995343387,1.8000000000465661
1000,False,fileview,paste undo,2,2.300000000046566,0.8000000000465661,0.9000000001396984,0,0.39999999990686774,1.9000000001396984
1000,False,fileview,paste redo,1.8999999999650754,1.6999999999534339,0.2999999998137355,1,0,0.30000000004656613,1.2000000001862645
1000,False,fileview,properties undo,1.2000000000116415,0.8000000000465661,0.09999999986030161,0.30000000004656613,0,0.30000000004656613,1.5999999998603016
1000,False,fileview,properties redo,0.9000000000232831,0.8000000000465661,0.09999999986030161,0.30000000004656613,0,0.30000000004656613,2.0999999998603016
1000,False,fileview,insertion undo,1.7999999999883585,1.1999999999534339,0.10000000009313226,0.5,0,0.30000000004656613,1.3999999999068677
1000,False,fileview,insertion redo,1.2999999999883585,1.2000000001862645,0.20000000018626451,0.7999999998137355,0,0.20000000018626451,1.5
1000,False,fileview,structure undo,1.900000000023283,1.5999999998603016,0.6999999999534339,0.6000000000931323,0,0.2999999998137355,2
1000,False,fileview,structure redo,2.3999999999650754,2.3999999999068677,0.20000000018626451,1.6999999999534339,0,0.39999999990686774,2
1000,False,layers,typing undo,21.599999999976717,2.5,0.30000000004656613,1,0,0.39999999990686774,0
1000,False,layers,typing redo,17.099999999976717,1.1999999999534339,0,0.7000000001862645,0,0.19999999995343387,0
1000,False,layers,deletion undo,13.300000000046566,1.5,0.19999999995343387,0.8000000000465661,0,0.39999999990686774,0
1000,False,layers,deletion redo,14.900000000023283,1.5,0.19999999995343387,0.6999999999534339,0,0.30000000004656613,0
1000,False,layers,paste undo,14.100000000034925,1.6999999999534339,0.5,0.5,0.19999999995343387,0.30000000004656613,0
1000,False,layers,paste redo,16.699999999953434,2.199999999953434,0.5,1.1999999999534339,0.4000000001396984,0.30000000004656613,0
1000,False,layers,properties undo,17.79999999998836,0.8000000000465661,0.19999999995343387,0.30000000004656613,0,0.30000000004656613,0
1000,False,layers,properties redo,14.5,1,0.09999999986030161,0.39999999990686774,0,0.30000000004656613,0
1000,False,layers,insertion undo,17,1.1999999999534339,0.09999999986030161,0.6999999999534339,0.2999999998137355,0.30000000004656613,0
1000,False,layers,insertion redo,15.199999999953434,1.1000000000931323,0.19999999995343387,0.6000000000931323,0.19999999995343387,0.30000000004656613,0
1000,False,layers,structure undo,15.200000000011642,1.6000000000931323,0.7000000001862645,0.5,0.30000000004656613,0.30000000004656613,0
1000,False,layers,structure redo,44,3.199999999953434,0.10000000009313226,2.5999999998603016,0.8000000000465661,0.30000000004656613,0
1000,False,properties,typing undo,4.599999999976717,1.8000000000465661,0.39999999990686774,0.5999999998603016,0,0.30000000004656613,0
1000,False,properties,typing redo,3.400000000023283,1.5,0.20000000018626451,0.6999999999534339,0,0.30000000004656613,0
1000,False,properties,deletion undo,4.2000000000116415,1,0.10000000009313226,0.5,0,0.30000000004656613,0
1000,False,properties,deletion redo,2.900000000023283,1,0.09999999986030161,0.5,0,0.30000000004656613,0
1000,False,properties,paste undo,3.599999999976717,2.0999999998603016,1,0.5999999998603016,0,0.30000000004656613,0
1000,False,properties,paste redo,3.400000000023283,2.5,0.5,1.3999999999068677,0,0.30000000004656613,0
1000,False,properties,properties undo,2,0.9000000001396984,0.09999999986030161,0.30000000004656613,0,0.4000000001396984,0
1000,False,properties,properties redo,2.900000000023283,0.8000000000465661,0.10000000009313226,0.2999999998137355,0,0.30000000004656613,0
1000,False,properties,insertion undo,2.8999999999650754,1.5,0.19999999995343387,0.6999999999534339,0,0.19999999995343387,0
1000,False,properties,insertion redo,2,1.0999999998603016,0.10000000009313226,0.6000000000931323,0,0.19999999995343387,0
1000,False,properties,structure undo,2.7000000000116415,1.1999999999534339,0.30000000004656613,0.5,0,0.19999999995343387,0
1000,False,properties,structure redo,3.7999999999883585,2.5,0.10000000009313226,2,0,0.19999999995343387,0
1000,False,heavy,typing undo,18.79999999998836,2,0.2999999998137355,0.9000000001396984,0,0.2999999998137355,4.199999999953434
1000,False,heavy,typing redo,16.70000000001164,1.1999999999534339,0.19999999995343387,0.6000000000931323,0,0.2999999998137355,3.5999999998603016
1000,False,heavy,deletion undo,16.199999999953434,1.5,0.10000000009313226,0.8000000000465661,0,0.39999999990686774,1.2000000001862645
1000,False,heavy,deletion redo,20.099999999976717,1.1000000000931323,0,0.6999999999534339,0,0.19999999995343387,1.1999999999534339
1000,False,heavy,paste undo,13.599999999976717,2.199999999953434,0.8000000000465661,1,0.19999999995343387,0.10000000009313226,1.6999999999534339
1000,False,heavy,paste redo,28.099999999976717,2,0.30000000004656613,1.1000000000931323,0.19999999995343387,0.39999999990686774,1.8000000000465661
1000,False,heavy,properties undo,16,0.7000000001862645,0.10000000009313226,0.2999999998137355,0,0.20000000018626451,1.4000000001396984
1000,False,heavy,properties redo,13,0.8000000000465661,0.10000000009313226,0.2999999998137355,0,0.30000000004656613,1.6999999999534339
1000,False,heavy,insertion undo,13.900000000023283,1.1999999999534339,0.10000000009313226,0.5999999998603016,0.19999999995343387,0.30000000004656613,2.0999999998603016
1000,False,heavy,insertion redo,22.5,1.5,0,0.8000000000465661,0.30000000004656613,0.39999999990686774,2.199999999953434
1000,False,heavy,structure undo,18,1.3000000000465661,0.5,0.39999999990686774,0.19999999995343387,0.19999999995343387,1.4000000001396984
1000,False,heavy,structure redo,19,3.199999999953434,0.09999999986030161,2.699999999953434,0.7000000001862645,0.19999999995343387,2.300000000046566
1000,False,retained,typing undo,2.7000000000116415,2.6000000000931323,0.39999999990686774,0.8999999999068677,0,0.4000000001396984,0
1000,False,retained,typing redo,1.8000000000465661,1.3999999999068677,0.10000000009313226,0.6999999999534339,0,0.39999999990686774,0
1000,False,retained,deletion undo,1.2999999999883585,1.1999999999534339,0.19999999995343387,0.7000000001862645,0,0.09999999986030161,0
1000,False,retained,deletion redo,1.900000000023283,1,0.19999999995343387,0.6000000000931323,0,0.19999999995343387,0
1000,False,retained,paste undo,2.2999999999883585,2.3999999999068677,1,0.8999999999068677,0,0.30000000004656613,0
1000,False,retained,paste redo,2.099999999976717,2.800000000046566,0.6999999999534339,1.3999999999068677,0,0.4000000001396984,0
1000,False,retained,properties undo,1.2000000000116415,0.9000000001396984,0.09999999986030161,0.5,0,0.20000000018626451,0
1000,False,retained,properties redo,1.2000000000116415,1,0.09999999986030161,0.39999999990686774,0,0.20000000018626451,0
1000,False,retained,insertion undo,1.2999999999883585,1.1000000000931323,0.09999999986030161,0.5,0,0.30000000004656613,0
1000,False,retained,insertion redo,1.6999999999534339,1,0.10000000009313226,0.6000000000931323,0,0.19999999995343387,0
1000,False,retained,structure undo,1.400000000023283,1.3000000000465661,0.39999999990686774,0.39999999990686774,0,0.30000000004656613,0
1000,False,retained,structure redo,2.5,3.0999999998603016,0.19999999995343387,2.5,0,0.2999999998137355,0
1000,True,editor,typing undo,4.099999999976717,2.699999999953434,0.39999999990686774,1.0999999998603016,0,0.5,0
1000,True,editor,typing redo,2.2999999999883585,1.8000000000465661,0.19999999995343387,1.1000000000931323,0,0.39999999990686774,0
1000,True,editor,deletion undo,1.7999999999883585,1.3000000000465661,0.10000000009313226,0.6999999999534339,0,0.30000000004656613,0
1000,True,editor,deletion redo,3.7000000000116415,2.199999999953434,0.19999999995343387,1.1999999999534339,0,0.6000000000931323,0
1000,True,editor,paste undo,4.100000000034925,3.7999999998137355,2,0.9000000001396984,0,0.2999999998137355,0
1000,True,editor,paste redo,3.2999999999883585,3.5,1,1.5999999998603016,0,0.4000000001396984,0
1000,True,editor,properties undo,1.8999999999650754,0.9000000001396984,0,0.39999999990686774,0,0.30000000004656613,0
1000,True,editor,properties redo,1.400000000023283,1.1999999999534339,0.19999999995343387,0.4000000001396984,0,0.30000000004656613,0
1000,True,editor,insertion undo,1.5,1.3999999999068677,0.19999999995343387,0.6999999999534339,0,0.39999999990686774,0
1000,True,editor,insertion redo,1.7000000000116415,1.5,0,0.8999999999068677,0,0.30000000004656613,0
1000,True,editor,structure undo,2,1.6999999999534339,0.5,0.5999999998603016,0,0.30000000004656613,0
1000,True,editor,structure redo,2.7999999999883585,4,0.09999999986030161,3.5,0,0.30000000004656613,0
1000,True,fileview,typing undo,4.400000000023283,2.7999999998137355,0.5,1.1999999999534339,0,0.39999999990686774,7.399999999906868
1000,True,fileview,typing redo,2.2000000000116415,1.2999999998137355,0.10000000009313226,0.7000000001862645,0,0.2999999998137355,5.5
1000,True,fileview,deletion undo,2.2999999999883585,1.6000000000931323,0.09999999986030161,1,0,0.30000000004656613,3.800000000046566
1000,True,fileview,deletion redo,2,1.3999999999068677,0.20000000018626451,0.6999999999534339,0,0.30000000004656613,4.899999999906868
1000,True,fileview,paste undo,5.599999999976717,4.099999999860302,1.8999999999068677,1.1000000000931323,0,0.2999999998137355,5.300000000046566
1000,True,fileview,paste redo,2.7999999999883585,4.600000000093132,1.3999999999068677,1.8000000000465661,0,0.6000000000931323,4
1000,True,fileview,properties undo,1.400000000023283,1.1000000000931323,0.10000000009313226,0.6000000000931323,0,0.30000000004656613,4.399999999906868
1000,True,fileview,properties redo,1.400000000023283,0.8999999999068677,0.09999999986030161,0.5,0,0.19999999995343387,4.100000000093132
1000,True,fileview,insertion undo,2.2999999999883585,1.3999999999068677,0.19999999995343387,0.6000000000931323,0,0.39999999990686774,4.300000000046566
1000,True,fileview,insertion redo,1.8000000000465661,1.1999999999534339,0.09999999986030161,0.6999999999534339,0,0.19999999995343387,4.699999999953434
1000,True,fileview,structure undo,1.599999999976717,1.6999999999534339,0.6000000000931323,0.6000000000931323,0,0.39999999990686774,4.199999999953434
1000,True,fileview,structure redo,5.2000000000116415,2.699999999953434,0.19999999995343387,2.1000000000931323,0,0.39999999990686774,4.2000000001862645
1000,True,layers,typing undo,22.20000000001164,2.199999999953434,0.39999999990686774,1.0999999998603016,0,0.30000000004656613,0
1000,True,layers,typing redo,20.79999999998836,1.5,0.09999999986030161,0.8000000000465661,0,0.39999999990686774,0
1000,True,layers,deletion undo,22.20000000006985,1.3000000000465661,0.19999999995343387,0.8000000000465661,0,0.19999999995343387,0
1000,True,layers,deletion redo,23.400000000023283,1.5,0.09999999986030161,0.8000000000465661,0,0.19999999995343387,0
1000,True,layers,paste undo,31,3.8999999999068677,1.6999999999534339,1.1000000000931323,2.3999999999068677,0.39999999990686774,0
1000,True,layers,paste redo,20.300000000046566,3.199999999953434,0.8999999999068677,1.3999999999068677,1,0.30000000004656613,0
1000,True,layers,properties undo,23.29999999993015,1.6000000000931323,0.19999999995343387,0.8000000000465661,0,0.39999999990686774,0
1000,True,layers,properties redo,20.300000000046566,0.8999999999068677,0,0.39999999990686774,0,0.30000000004656613,0
1000,True,layers,insertion undo,20.699999999953434,1.2000000001862645,0.30000000004656613,0.6000000000931323,1.8000000000465661,0.30000000004656613,0
1000,True,layers,insertion redo,19.79999999993015,1.3000000000465661,0.19999999995343387,0.8000000000465661,1.0999999998603016,0.19999999995343387,0
1000,True,layers,structure undo,25.5,1.1999999999534339,0.4000000001396984,0.4000000001396984,2.300000000046566,0.2999999998137355,0
1000,True,layers,structure redo,24,3.1000000000931323,0.09999999986030161,2.2999999998137355,1.5,0.4000000001396984,0
1000,True,properties,typing undo,4.600000000093132,2.699999999953434,0.5,1,0,0.5,0
1000,True,properties,typing redo,4,1.5,0.20000000018626451,0.7999999998137355,0,0.4000000001396984,0
1000,True,properties,deletion undo,3.400000000023283,1.3999999999068677,0.19999999995343387,0.6999999999534339,0,0.30000000004656613,0
1000,True,properties,deletion redo,3.900000000023283,1.3999999999068677,0.10000000009313226,1,0,0.19999999995343387,0
1000,True,properties,paste undo,5.099999999976717,5.5,2.3999999999068677,2.2000000001862645,0,0.39999999990686774,0
1000,True,properties,paste redo,6.299999999930151,5.699999999953434,1.5,2.699999999953434,0,0.5,0
1000,True,properties,properties undo,2.799999999930151,1,0.09999999986030161,0.5,0,0.19999999995343387,0
1000,True,properties,properties redo,2.199999999953434,1,0.09999999986030161,0.4000000001396984,0,0.2999999998137355,0
1000,True,properties,insertion undo,3.400000000023283,1.6999999999534339,0.19999999995343387,0.8000000000465661,0,0.30000000004656613,0
1000,True,properties,insertion redo,3.5,1.0999999998603016,0.19999999995343387,0.8000000000465661,0,0.09999999986030161,0
1000,True,properties,structure undo,3.699999999953434,1.2000000001862645,0.4000000001396984,0.4000000001396984,0,0.30000000004656613,0
1000,True,properties,structure redo,5.099999999976717,2.4000000001396984,0,2,0,0.19999999995343387,0
1000,True,heavy,typing undo,22,2.199999999953434,0.39999999990686774,1,0,0.30000000004656613,6.199999999953434
1000,True,heavy,typing redo,20.5,1.7000000001862645,0,1,0,0.4000000001396984,4.7999999998137355
1000,True,heavy,deletion undo,21.099999999976717,2,0.19999999995343387,1.2000000001862645,0,0.39999999990686774,4.699999999953434
1000,True,heavy,deletion redo,21.5,1.3000000000465661,0.10000000009313226,0.8000000000465661,0,0.19999999995343387,5.300000000046566
1000,True,heavy,paste undo,20.800000000046566,6.300000000046566,3,1.8000000000465661,1.4000000001396984,0.6999999999534339,5.899999999906868
1000,True,heavy,paste redo,23.900000000023283,4.099999999860302,1.5,1.5999999998603016,1.3000000000465661,0.5,5.099999999860302
1000,True,heavy,properties undo,33.800000000046566,1.0999999998603016,0.09999999986030161,0.6000000000931323,0,0.2999999998137355,5.099999999860302
1000,True,heavy,properties redo,19.5,0.8999999999068677,0.10000000009313226,0.4000000001396984,0,0.2999999998137355,4.300000000046566
1000,True,heavy,insertion undo,20.599999999976717,1.4000000001396984,0.20000000018626451,0.6999999999534339,1.6000000000931323,0.4000000001396984,4.800000000046566
1000,True,heavy,insertion redo,19.899999999906868,1.0999999998603016,0.09999999986030161,0.7000000001862645,1.1999999999534339,0.2999999998137355,4.199999999953434
1000,True,heavy,structure undo,24.599999999976717,1.3999999999068677,0.39999999990686774,0.5,1.3000000000465661,0.39999999990686774,3.8999999999068677
1000,True,heavy,structure redo,26.900000000023283,2.199999999953434,0.10000000009313226,1.6999999999534339,1.3999999999068677,0.30000000004656613,5.699999999953434
1000,True,retained,typing undo,4.099999999976717,2.300000000046566,0.5,0.8999999999068677,0,0.4000000001396984,0
1000,True,retained,typing redo,1.599999999976717,1.9000000001396984,0.10000000009313226,0.8999999999068677,0,0.6000000000931323,0
1000,True,retained,deletion undo,3.400000000023283,1.5999999998603016,0.20000000018626451,0.9000000001396984,0,0.2999999998137355,0
1000,True,retained,deletion redo,2.400000000023283,1.8000000000465661,0.10000000009313226,1,0,0.4000000001396984,0
1000,True,retained,paste undo,5.099999999976717,4.300000000046566,2.6000000000931323,0.8999999999068677,0,0.30000000004656613,0
1000,True,retained,paste redo,3.900000000023283,3.9000000001396984,1.9000000001396984,1.3000000000465661,0,0.30000000004656613,0
1000,True,retained,properties undo,1.7999999999301508,1.1999999999534339,0.09999999986030161,0.5,0,0.39999999990686774,0
1000,True,retained,properties redo,2,0.9000000001396984,0.19999999995343387,0.4000000001396984,0,0.19999999995343387,0
1000,True,retained,insertion undo,1.5,1.5,0.30000000004656613,0.5999999998603016,0,0.4000000001396984,0
1000,True,retained,insertion redo,2.900000000023283,1.1999999999534339,0,0.6000000000931323,0,0.30000000004656613,0
1000,True,retained,structure undo,1.599999999976717,1.0999999998603016,0.2999999998137355,0.39999999990686774,0,0.19999999995343387,0
1000,True,retained,structure redo,3.900000000023283,2.4000000001396984,0.10000000009313226,1.9000000001396984,0,0.19999999995343387,0
10000,False,editor,typing undo,4.899999999906868,3.2999999998137355,0.5,1.4000000001396984,0,0.5,0
10000,False,editor,typing redo,2.5,1.6000000000931323,0.10000000009313226,0.9000000001396984,0,0.20000000018626451,0
10000,False,editor,deletion undo,2.900000000023283,1.5999999998603016,0.20000000018626451,0.8999999999068677,0,0.39999999990686774,0
10000,False,editor,deletion redo,2.800000000046566,1.6000000000931323,0.19999999995343387,1.1000000000931323,0,0.30000000004656613,0
10000,False,editor,paste undo,4.199999999953434,2.8999999999068677,0.9000000001396984,1.3000000000465661,0,0.19999999995343387,0
10000,False,editor,paste redo,5.099999999976717,2.199999999953434,0.39999999990686774,1.5,0,0.19999999995343387,0
10000,False,editor,properties undo,1.6999999999534339,1,0.09999999986030161,0.39999999990686774,0,0.30000000004656613,0
10000,False,editor,properties redo,2.400000000023283,0.8000000000465661,0,0.19999999995343387,0,0.20000000018626451,0
10000,False,editor,insertion undo,2.400000000023283,1.5,0.19999999995343387,1,0,0.30000000004656613,0
10000,False,editor,insertion redo,2.900000000023283,1.8000000000465661,0.20000000018626451,1.1000000000931323,0,0.39999999990686774,0
10000,False,editor,structure undo,2.099999999976717,1.6999999999534339,0.5,0.8999999999068677,0,0.19999999995343387,0
10000,False,editor,structure redo,4.200000000069849,2.9000000001396984,0.19999999995343387,2.3999999999068677,0,0.20000000018626451,0
10000,False,fileview,typing undo,4.099999999976717,2.300000000046566,0.2999999998137355,1.0999999998603016,0,0.30000000004656613,10
10000,False,fileview,typing redo,3,2.1000000000931323,0.09999999986030161,1.1999999999534339,0,0.6000000000931323,9.100000000093132
10000,False,fileview,deletion undo,1.900000000023283,2.199999999953434,0.19999999995343387,1.5,0,0.30000000004656613,12.800000000046566
10000,False,fileview,deletion redo,2.099999999976717,2,0.19999999995343387,1.4000000001396984,0,0.39999999990686774,10.800000000046566
10000,False,fileview,paste undo,4.099999999976717,2.300000000046566,0.6000000000931323,1,0,0.30000000004656613,9.799999999813735
10000,False,fileview,paste redo,3.700000000069849,2.3999999999068677,0.30000000004656613,1.5999999998603016,0,0.30000000004656613,7.900000000139698
10000,False,fileview,properties undo,1.599999999976717,0.8999999999068677,0.09999999986030161,0.39999999990686774,0,0.30000000004656613,7.699999999953434
10000,False,fileview,properties redo,1.599999999976717,0.8999999999068677,0.10000000009313226,0.4000000001396984,0,0.19999999995343387,9.099999999860302
10000,False,fileview,insertion undo,2.800000000046566,1.6999999999534339,0.10000000009313226,1.1000000000931323,0,0.2999999998137355,8.900000000139698
10000,False,fileview,insertion redo,3.199999999953434,2.199999999953434,0.10000000009313226,1.6000000000931323,0,0.30000000004656613,8.100000000093132
10000,False,fileview,structure undo,3.099999999976717,2.5,0.6000000000931323,1.4000000001396984,0,0.39999999990686774,7
10000,False,fileview,structure redo,3.5,3.6000000000931323,0.19999999995343387,3,0,0.19999999995343387,6.400000000139698
10000,False,layers,typing undo,16.900000000023283,2.5999999998603016,0.5,1.1000000000931323,0,0.39999999990686774,0
10000,False,layers,typing redo,16.29999999993015,1.5,0.10000000009313226,1,0,0.2999999998137355,0
10000,False,layers,deletion undo,16.199999999953434,1.3000000000465661,0.09999999986030161,0.8000000000465661,0,0.19999999995343387,0
10000,False,layers,deletion redo,16.20000000006985,2.1000000000931323,0.10000000009313226,1.5999999998603016,0,0.19999999995343387,0
10000,False,layers,paste undo,16,1.8999999999068677,0.5999999998603016,0.8999999999068677,1.2999999998137355,0.19999999995343387,0
10000,False,layers,paste redo,15.5,2.300000000046566,0.39999999990686774,1.3999999999068677,1.3999999999068677,0.30000000004656613,0
10000,False,layers,properties undo,14.099999999976717,0.9000000001396984,0.09999999986030161,0.4000000001396984,0,0.30000000004656613,0
10000,False,layers,properties redo,14.199999999953434,0.8000000000465661,0.09999999986030161,0.30000000004656613,0,0.19999999995343387,0
10000,False,layers,insertion undo,15.79999999993015,1.8999999999068677,0.20000000018626451,1.1999999999534339,1.5,0.39999999990686774,0
10000,False,layers,insertion redo,13.900000000023283,1.3999999999068677,0,0.8999999999068677,1.4000000001396984,0.09999999986030161,0
10000,False,layers,structure undo,17.79999999993015,1.6000000000931323,0.2999999998137355,0.6999999999534339,1.8000000000465661,0.30000000004656613,0
10000,False,layers,structure redo,15,2.7999999998137355,0.09999999986030161,2.3999999999068677,1.5999999998603016,0.19999999995343387,0
10000,False,properties,typing undo,6.099999999976717,2.7000000001862645,0.39999999990686774,1.0999999998603016,0,0.4000000001396984,0
10000,False,properties,typing redo,4.600000000093132,2,0.19999999995343387,1.1999999999534339,0,0.39999999990686774,0
10000,False,properties,deletion undo,6.600000000093132,2,0.20000000018626451,1.4000000001396984,0,0.2999999998137355,0
10000,False,properties,deletion redo,3.599999999976717,1.8999999999068677,0.19999999995343387,1.2000000001862645,0,0.39999999990686774,0
10000,False,properties,paste undo,3.700000000069849,2.7000000001862645,0.9000000001396984,1.1999999999534339,0,0.4000000001396984,0
10000,False,properties,paste redo,4.199999999953434,2.199999999953434,0.30000000004656613,1.4000000001396984,0,0.2999999998137355,0
10000,False,properties,properties undo,3.400000000023283,0.8999999999068677,0.10000000009313226,0.39999999990686774,0,0.20000000018626451,0
10000,False,properties,properties redo,3.5,1,0.10000000009313226,0.39999999990686774,0,0.30000000004656613,0
10000,False,properties,insertion undo,2.800000000046566,1.8000000000465661,0.20000000018626451,1.1000000000931323,0,0.39999999990686774,0
10000,False,properties,insertion redo,4,1.6999999999534339,0,1.1999999999534339,0,0.19999999995343387,0
10000,False,properties,structure undo,4,1.6999999999534339,0.39999999990686774,0.8000000000465661,0,0.19999999995343387,0
10000,False,properties,structure redo,6.5,4.100000000093132,0.19999999995343387,3.4000000001396984,0,0.30000000004656613,0
10000,False,heavy,typing undo,16.29999999993015,2.699999999953434,0.30000000004656613,1.5,0,0.20000000018626451,10.300000000046566
10000,False,heavy,typing redo,17.20000000006985,2.300000000046566,0.10000000009313226,1.5,0,0.39999999990686774,9.400000000139698
10000,False,heavy,deletion undo,16.400000000023283,1.5,0.10000000009313226,1,0,0.2999999998137355,11.199999999953434
10000,False,heavy,deletion redo,14.900000000023283,1.8000000000465661,0.09999999986030161,1.1999999999534339,0,0.30000000004656613,8.299999999813735
10000,False,heavy,paste undo,16.399999999906868,2.5999999998603016,0.5999999998603016,1.3000000000465661,1.4000000001396984,0.30000000004656613,6.800000000046566
10000,False,heavy,paste redo,14.600000000093132,3,0.5,1.9000000001396984,1.5999999998603016,0.39999999990686774,8.400000000139698
10000,False,heavy,properties undo,15.099999999976717,1,0.09999999986030161,0.39999999990686774,0,0.30000000004656613,8.100000000093132
10000,False,heavy,properties redo,14.900000000023283,1,0.30000000004656613,0.4000000001396984,0,0.19999999995343387,7.2000000001862645
10000,False,heavy,insertion undo,25.900000000023283,2,0.19999999995343387,1.3000000000465661,1.5,0.30000000004656613,7.800000000046566
10000,False,heavy,insertion redo,24.099999999976717,1.6999999999534339,0.09999999986030161,1.4000000001396984,1.6000000000931323,0.19999999995343387,9.800000000046566
10000,False,heavy,structure undo,17.699999999953434,2.4000000001396984,0.5,1.3000000000465661,1.6999999999534339,0.30000000004656613,7.300000000046566
10000,False,heavy,structure redo,17.599999999976717,2.9000000001396984,0.19999999995343387,2.5,1.5999999998603016,0.20000000018626451,7.599999999860302
10000,False,retained,typing undo,3.699999999953434,3.199999999953434,0.5,1.5,0,0.4000000001396984,0
10000,False,retained,typing redo,1.8999999999068677,2,0.09999999986030161,1.2000000001862645,0,0.4000000001396984,0
10000,False,retained,deletion undo,2.699999999953434,1.6000000000931323,0.10000000009313226,1.1000000000931323,0,0.30000000004656613,0
10000,False,retained,deletion redo,2.599999999976717,2.1000000000931323,0.19999999995343387,1.3000000000465661,0,0.39999999990686774,0
10000,False,retained,paste undo,3.400000000023283,3.4000000001396984,1.5,1.1999999999534339,0,0.4000000001396984,0
10000,False,retained,paste redo,2.900000000023283,2.800000000046566,0.8000000000465661,1.6999999999534339,0,0.19999999995343387,0
10000,False,retained,properties undo,2.099999999976717,0.6000000000931323,0,0.4000000001396984,0,0.19999999995343387,0
10000,False,retained,properties redo,1.900000000023283,1,0.09999999986030161,0.39999999990686774,0,0.4000000001396984,0
10000,False,retained,insertion undo,2.099999999976717,1.6999999999534339,0.30000000004656613,1.0999999998603016,0,0.30000000004656613,0
10000,False,retained,insertion redo,2.5,1.5,0.10000000009313226,1,0,0.2999999998137355,0
10000,False,retained,structure undo,2.900000000023283,1.8999999999068677,0.39999999990686774,1,0,0.2999999998137355,0
10000,False,retained,structure redo,4.600000000093132,2.800000000046566,0.19999999995343387,2.300000000046566,0,0.19999999995343387,0
10000,True,editor,typing undo,6.699999999953434,3.6000000000931323,0.5,1.9000000001396984,0,0.39999999990686774,0
10000,True,editor,typing redo,5.800000000046566,1.8999999999068677,0.10000000009313226,1.1999999999534339,0,0.30000000004656613,0
10000,True,editor,deletion undo,5.5,1.8000000000465661,0.09999999986030161,1,0,0.39999999990686774,0
10000,True,editor,deletion redo,4.099999999976717,2.1000000000931323,0.09999999986030161,1.2999999998137355,0,0.4000000001396984,0
10000,True,editor,paste undo,7.099999999976717,5.5,3,1.5,0,0.30000000004656613,0
10000,True,editor,paste redo,6.199999999953434,5.199999999953434,1.5999999998603016,2.2999999998137355,0,0.6000000000931323,0
10000,True,editor,properties undo,5.300000000046566,1.1000000000931323,0.19999999995343387,0.6000000000931323,0,0.30000000004656613,0
10000,True,editor,properties redo,5.400000000023283,1.1999999999534339,0.09999999986030161,0.5,0,0.30000000004656613,0
10000,True,editor,insertion undo,5.599999999976717,1.8000000000465661,0.20000000018626451,1.1999999999534339,0,0.30000000004656613,0
10000,True,editor,insertion redo,4.599999999976717,1.8999999999068677,0.10000000009313226,1.4000000001396984,0,0.2999999998137355,0
10000,True,editor,structure undo,6.599999999976717,1.8000000000465661,0.39999999990686774,1,0,0.19999999995343387,0
10000,True,editor,structure redo,6,2.8999999999068677,0.09999999986030161,2.3999999999068677,0,0.30000000004656613,0
10000,True,fileview,typing undo,6.400000000023283,2.6000000000931323,0.19999999995343387,1.5,0,0.19999999995343387,51.300000000046566
10000,True,fileview,typing redo,4.699999999953434,1.6999999999534339,0.09999999986030161,1.1999999999534339,0,0.30000000004656613,49.300000000046566
10000,True,fileview,deletion undo,4.5,1.6999999999534339,0.10000000009313226,1.2000000001862645,0,0.2999999998137355,36.200000000186265
10000,True,fileview,deletion redo,4.400000000023283,1.6000000000931323,0.09999999986030161,1,0,0.30000000004656613,41.199999999953434
10000,True,fileview,paste undo,5.5,3.4000000001396984,1.3000000000465661,1.3000000000465661,0,0.30000000004656613,39.799999999813735
10000,True,fileview,paste redo,5.800000000046566,4,0.8000000000465661,2.300000000046566,0,0.4000000001396984,34.300000000046566
10000,True,fileview,properties undo,4.799999999930151,0.6999999999534339,0,0.30000000004656613,0,0.19999999995343387,34.799999999813735
10000,True,fileview,properties redo,4.599999999976717,0.8999999999068677,0.09999999986030161,0.39999999990686774,0,0.19999999995343387,33.39999999990687
10000,True,fileview,insertion undo,4.199999999953434,1.4000000001396984,0.19999999995343387,0.8999999999068677,0,0.20000000018626451,36.10000000009313
10000,True,fileview,insertion redo,6.099999999976717,1.5999999998603016,0,1.3000000000465661,0,0.19999999995343387,32.10000000009313
10000,True,fileview,structure undo,4.199999999953434,1.6999999999534339,0.30000000004656613,1,0,0.30000000004656613,29.899999999906868
10000,True,fileview,structure redo,5.700000000069849,2.300000000046566,0.10000000009313226,1.8999999999068677,0,0.30000000004656613,29.399999999906868
10000,True,layers,typing undo,65.5,2.5,0.39999999990686774,1.3000000000465661,0,0.30000000004656613,0
10000,True,layers,typing redo,50.40000000002328,1.6999999999534339,0.09999999986030161,1.1000000000931323,0,0.2999999998137355,0
10000,True,layers,deletion undo,63.60000000009313,2.0999999998603016,0.20000000018626451,1.5,0,0.2999999998137355,0
10000,True,layers,deletion redo,51,1.6999999999534339,0.10000000009313226,1.0999999998603016,0,0.30000000004656613,0
10000,True,layers,paste undo,57.800000000046566,4.5,1.8999999999068677,1.5,12.100000000093132,0.4000000001396984,0
10000,True,layers,paste redo,52.90000000002328,5.399999999906868,2.2000000001862645,1.8999999999068677,12.5,0.5,0
10000,True,layers,properties undo,50.5,1.1000000000931323,0.19999999995343387,0.5,0,0.19999999995343387,0
10000,True,layers,properties redo,51.699999999953434,1.1999999999534339,0.19999999995343387,0.5999999998603016,0,0.30000000004656613,0
10000,True,layers,insertion undo,52.40000000002328,1.8000000000465661,0.19999999995343387,1.3000000000465661,14,0.30000000004656613,0
10000,True,layers,insertion redo,50.800000000046566,2.300000000046566,0.19999999995343387,1.5,10.599999999860302,0.19999999995343387,0
10000,True,layers,structure undo,54.40000000002328,2.2000000001862645,0.7000000001862645,1.1000000000931323,12.899999999906868,0.30000000004656613,0
10000,True,layers,structure redo,44.199999999953434,4.300000000046566,0.09999999986030161,3.800000000046566,11.899999999906868,0.30000000004656613,0
10000,True,properties,typing undo,8.199999999953434,2.7999999998137355,0.39999999990686774,1.3000000000465661,0,0.2999999998137355,0
10000,True,properties,typing redo,8.199999999953434,1.6999999999534339,0.10000000009313226,0.9000000001396984,0,0.30000000004656613,0
10000,True,properties,deletion undo,6.5,2.0999999998603016,0.20000000018626451,1.5,0,0.2999999998137355,0
10000,True,properties,deletion redo,9.400000000023283,1.6000000000931323,0.10000000009313226,1,0,0.4000000001396984,0
10000,True,properties,paste undo,11.900000000023283,6.5,1.5,4,0,0.5999999998603016,0
10000,True,properties,paste redo,7.900000000023283,6,1.1999999999534339,3.7000000001862645,0,0.39999999990686774,0
10000,True,properties,properties undo,8.099999999976717,0.8999999999068677,0.09999999986030161,0.5,0,0.19999999995343387,0
10000,True,properties,properties redo,7,0.8999999999068677,0.10000000009313226,0.30000000004656613,0,0.19999999995343387,0
10000,True,properties,insertion undo,8.29999999993015,1.6999999999534339,0.19999999995343387,1,0,0.4000000001396984,0
10000,True,properties,insertion redo,5.799999999930151,2.4000000001396984,0.19999999995343387,1.6000000000931323,0,0.4000000001396984,0
10000,True,properties,structure undo,6.200000000069849,1.5,0.30000000004656613,0.8000000000465661,0,0.30000000004656613,0
10000,True,properties,structure redo,8,2.6000000000931323,0.10000000009313226,2.199999999953434,0,0.19999999995343387,0
10000,True,heavy,typing undo,46.10000000009313,2.300000000046566,0.30000000004656613,1.3999999999068677,0,0.30000000004656613,50.800000000046566
10000,True,heavy,typing redo,84,1.5999999998603016,0.10000000009313226,0.9000000001396984,0,0.2999999998137355,57.700000000186265
10000,True,heavy,deletion undo,65.90000000002328,1.6999999999534339,0.10000000009313226,1.2000000001862645,0,0.19999999995343387,45.5
10000,True,heavy,deletion redo,53.300000000046566,2,0.09999999986030161,1.3000000000465661,0,0.39999999990686774,47.9000000001397
10000,True,heavy,paste undo,45.199999999953434,3.2999999998137355,1.1999999999534339,1.1999999999534339,9.399999999906868,0.39999999990686774,37
10000,True,heavy,paste redo,40.59999999997672,8.300000000046566,2.199999999953434,2.3999999999068677,8.899999999906868,0.30000000004656613,32
10000,True,heavy,properties undo,43.20000000006985,0.8999999999068677,0.19999999995343387,0.4000000001396984,0,0.19999999995343387,34.60000000009313
10000,True,heavy,properties redo,40.800000000046566,0.8000000000465661,0.10000000009313226,0.2999999998137355,0,0.30000000004656613,28.9000000001397
10000,True,heavy,insertion undo,58.09999999997672,1.5999999998603016,0.19999999995343387,0.9000000001396984,9.5,0.20000000018626451,34
10000,True,heavy,insertion redo,55.199999999953434,1.3999999999068677,0,1.0999999998603016,8.5,0.19999999995343387,30.200000000186265
10000,True,heavy,structure undo,44,1.5,0.19999999995343387,0.8999999999068677,9.400000000139698,0.19999999995343387,29.200000000186265
10000,True,heavy,structure redo,47.20000000006985,2.5,0.09999999986030161,2.2000000001862645,9.300000000046566,0.19999999995343387,28.299999999813735
10000,True,retained,typing undo,5.599999999976717,2.3999999999068677,0.30000000004656613,1.3000000000465661,0,0.2999999998137355,0
10000,True,retained,typing redo,5.799999999930151,1.6000000000931323,0.09999999986030161,1.1000000000931323,0,0.30000000004656613,0
10000,True,retained,deletion undo,5.099999999976717,1.7000000001862645,0.20000000018626451,1.1999999999534339,0,0.20000000018626451,0
10000,True,retained,deletion redo,5.300000000046566,2.6000000000931323,0.19999999995343387,1.6000000000931323,0,0.5,0
10000,True,retained,paste undo,7.400000000023283,3.8999999999068677,1.8000000000465661,1.1999999999534339,0,0.39999999990686774,0
10000,True,retained,paste redo,9.400000000023283,3.699999999953434,1,1.8000000000465661,0,0.39999999990686774,0
10000,True,retained,properties undo,3.700000000069849,0.8000000000465661,0.10000000009313226,0.39999999990686774,0,0.19999999995343387,0
10000,True,retained,properties redo,5,0.9000000001396984,0.10000000009313226,0.2999999998137355,0,0.30000000004656613,0
10000,True,retained,insertion undo,5,1.9000000001396984,0.30000000004656613,1.1999999999534339,0,0.4000000001396984,0
10000,True,retained,insertion redo,4.400000000023283,2.0999999998603016,0.09999999986030161,1.3000000000465661,0,0.5999999998603016,0
10000,True,retained,structure undo,4.799999999930151,2.1000000000931323,0.6000000000931323,1.1999999999534339,0,0.20000000018626451,0
10000,True,retained,structure redo,5.599999999976717,2.7000000001862645,0.10000000009313226,2.199999999953434,0,0.30000000004656613,0
20000,False,editor,typing undo,4.599999999976717,2.699999999953434,0.39999999990686774,1.5,0,0.2999999998137355,0
20000,False,editor,typing redo,4,2,0.19999999995343387,1.2000000001862645,0,0.2999999998137355,0
20000,False,editor,deletion undo,3.900000000023283,1.8999999999068677,0.19999999995343387,1.5,0,0.19999999995343387,0
20000,False,editor,deletion redo,2.5,1.8000000000465661,0.10000000009313226,1.3000000000465661,0,0.30000000004656613,0
20000,False,editor,paste undo,4.700000000069849,3.2000000001862645,0.6999999999534339,1.6999999999534339,0,0.30000000004656613,0
20000,False,editor,paste redo,4.300000000046566,2.800000000046566,0.5,1.7999999998137355,0,0.20000000018626451,0
20000,False,editor,properties undo,1.6999999999534339,0.8999999999068677,0.09999999986030161,0.30000000004656613,0,0.30000000004656613,0
20000,False,editor,properties redo,1.6999999999534339,0.6999999999534339,0.10000000009313226,0.39999999990686774,0,0.19999999995343387,0
20000,False,editor,insertion undo,3.5,2.2999999998137355,0.19999999995343387,1.8000000000465661,0,0.19999999995343387,0
20000,False,editor,insertion redo,3.5,2.300000000046566,0,1.8000000000465661,0,0.30000000004656613,0
20000,False,editor,structure undo,2.900000000023283,2,0.39999999990686774,1.1999999999534339,0,0.30000000004656613,0
20000,False,editor,structure redo,6.099999999976717,3.0999999998603016,0.09999999986030161,2.800000000046566,0,0.19999999995343387,0
20000,False,fileview,typing undo,5.800000000046566,3.300000000046566,0.39999999990686774,1.8000000000465661,0,0.39999999990686774,35.200000000186265
20000,False,fileview,typing redo,4.600000000093132,2,0.10000000009313226,1.5,0,0.30000000004656613,46.4000000001397
20000,False,fileview,deletion undo,3,2.800000000046566,0.19999999995343387,2.1000000000931323,0,0.39999999990686774,16.600000000093132
20000,False,fileview,deletion redo,3.699999999953434,2.5,0.09999999986030161,1.8999999999068677,0,0.20000000018626451,12.899999999906868
20000,False,fileview,paste undo,4.699999999953434,2.8999999999068677,0.5,1.8000000000465661,0,0.2999999998137355,16.699999999953434
20000,False,fileview,paste redo,4.300000000046566,2.9000000001396984,0.30000000004656613,2.300000000046566,0,0.19999999995343387,16.800000000046566
20000,False,fileview,properties undo,3.699999999953434,0.6999999999534339,0.09999999986030161,0.30000000004656613,0,0.19999999995343387,15.199999999953434
20000,False,fileview,properties redo,2.800000000046566,1.1000000000931323,0.19999999995343387,0.19999999995343387,0,0.6000000000931323,15.199999999953434
20000,False,fileview,insertion undo,3.900000000023283,2.1000000000931323,0.09999999986030161,1.5,0,0.19999999995343387,13.300000000046566
20000,False,fileview,insertion redo,4,2.8999999999068677,0.09999999986030161,2.300000000046566,0,0.30000000004656613,12.600000000093132
20000,False,fileview,structure undo,3.199999999953434,3.1000000000931323,0.5,2.1000000000931323,0,0.30000000004656613,15
20000,False,fileview,structure redo,4.300000000046566,3.8999999999068677,0.10000000009313226,3.300000000046566,0,0.19999999995343387,12.5
20000,False,layers,typing undo,22.20000000006985,2.6000000000931323,0.4000000001396984,1.5,0,0.30000000004656613,0
20000,False,layers,typing redo,20.70000000006985,2.300000000046566,0.20000000018626451,1.5999999998603016,0,0.30000000004656613,0
20000,False,layers,deletion undo,19,2.1000000000931323,0.20000000018626451,1.6999999999534339,0,0.19999999995343387,0
20000,False,layers,deletion redo,23.199999999953434,1.8999999999068677,0.10000000009313226,1.3999999999068677,0,0.30000000004656613,0
20000,False,layers,paste undo,20.900000000023283,2.300000000046566,0.5,1.3000000000465661,2.5,0.19999999995343387,0
20000,False,layers,paste redo,23.400000000023283,2.1000000000931323,0.30000000004656613,1.5999999998603016,2.699999999953434,0.10000000009313226,0
20000,False,layers,properties undo,19.599999999976717,0.7999999998137355,0.09999999986030161,0.30000000004656613,0,0.2999999998137355,0
20000,False,layers,properties redo,19.300000000046566,0.5999999998603016,0.19999999995343387,0.19999999995343387,0,0.19999999995343387,0
20000,False,layers,insertion undo,19,1.8999999999068677,0.09999999986030161,1.3000000000465661,2.699999999953434,0.2999999998137355,0
20000,False,layers,insertion redo,21,1.8000000000465661,0.10000000009313226,1.3000000000465661,4,0.19999999995343387,0
20000,False,layers,structure undo,22.599999999976717,1.7000000001862645,0.30000000004656613,1.1999999999534339,2.9000000001396984,0.20000000018626451,0
20000,False,layers,structure redo,29.099999999976717,4.2999999998137355,0.10000000009313226,3.699999999953434,2.800000000046566,0.39999999990686774,0
20000,False,properties,typing undo,5.800000000046566,2.5,0.2999999998137355,1.1999999999534339,0,0.30000000004656613,0
20000,False,properties,typing redo,4,1.8999999999068677,0.09999999986030161,1.3000000000465661,0,0.39999999990686774,0
20000,False,properties,deletion undo,4.900000000023283,1.6999999999534339,0.09999999986030161,1.3000000000465661,0,0.19999999995343387,0
20000,False,properties,deletion redo,4.199999999953434,1.8000000000465661,0.10000000009313226,1.2999999998137355,0,0.30000000004656613,0
20000,False,properties,paste undo,4.5,2.300000000046566,0.6999999999534339,1.3000000000465661,0,0.30000000004656613,0
20000,False,properties,paste redo,5,3.699999999953434,0.7999999998137355,2.3999999999068677,0,0.4000000001396984,0
20000,False,properties,properties undo,2.799999999930151,0.9000000001396984,0.10000000009313226,0.39999999990686774,0,0.19999999995343387,0
20000,False,properties,properties redo,3.700000000069849,0.7999999998137355,0.19999999995343387,0.30000000004656613,0,0.19999999995343387,0
20000,False,properties,insertion undo,3.900000000023283,2.2999999998137355,0.10000000009313226,1.7000000001862645,0,0.19999999995343387,0
20000,False,properties,insertion redo,4.599999999976717,1.9000000001396984,0.10000000009313226,1.3999999999068677,0,0.30000000004656613,0
20000,False,properties,structure undo,3.800000000046566,1.8999999999068677,0.2999999998137355,1.3000000000465661,0,0.19999999995343387,0
20000,False,properties,structure redo,5.400000000023283,3,0.10000000009313226,2.5999999998603016,0,0.19999999995343387,0
20000,False,heavy,typing undo,27.400000000023283,2.9000000001396984,0.30000000004656613,1.8000000000465661,0,0.30000000004656613,38.39999999990687
20000,False,heavy,typing redo,21.300000000046566,2.199999999953434,0.09999999986030161,1.6000000000931323,0,0.2999999998137355,49.4000000001397
20000,False,heavy,deletion undo,19.20000000006985,2,0,1.5999999998603016,0,0.20000000018626451,17.5
20000,False,heavy,deletion redo,20.899999999906868,1.8999999999068677,0,1.3000000000465661,0,0.2999999998137355,18.899999999906868
20000,False,heavy,paste undo,21.20000000006985,3.699999999953434,0.8000000000465661,2.199999999953434,3,0.19999999995343387,18.199999999953434
20000,False,heavy,paste redo,20.400000000023283,3.6000000000931323,0.39999999990686774,2.6000000000931323,3.199999999953434,0.30000000004656613,17.399999999906868
20000,False,heavy,properties undo,21.79999999993015,0.8999999999068677,0.19999999995343387,0.39999999990686774,0,0.30000000004656613,11.5
20000,False,heavy,properties redo,18.300000000046566,0.9000000001396984,0.20000000018626451,0.5,0,0.19999999995343387,13.099999999860302
20000,False,heavy,insertion undo,18.5,2.6000000000931323,0.20000000018626451,1.8000000000465661,3,0.30000000004656613,15.899999999906868
20000,False,heavy,insertion redo,22.099999999976717,2.199999999953434,0.09999999986030161,1.6999999999534339,3.199999999953434,0.30000000004656613,12.800000000046566
20000,False,heavy,structure undo,19.70000000006985,2.9000000001396984,0.6000000000931323,1.8999999999068677,3,0.30000000004656613,14.699999999953434
20000,False,heavy,structure redo,19,4.300000000046566,0.19999999995343387,3.800000000046566,2.7999999998137355,0.19999999995343387,14.399999999906868
20000,False,retained,typing undo,4.599999999976717,3.199999999953434,0.6000000000931323,1.5,0,0.39999999990686774,0
20000,False,retained,typing redo,2.6000000000931323,2.4000000001396984,0.19999999995343387,1.6999999999534339,0,0.4000000001396984,0
20000,False,retained,deletion undo,2.800000000046566,1.8000000000465661,0.10000000009313226,1.3000000000465661,0,0.19999999995343387,0
20000,False,retained,deletion redo,3.1000000000931323,1.5999999998603016,0.09999999986030161,1.1999999999534339,0,0.19999999995343387,0
20000,False,retained,paste undo,3.400000000023283,2.699999999953434,0.6999999999534339,1.5,0,0.19999999995343387,0
20000,False,retained,paste redo,4.400000000023283,2.800000000046566,0.6000000000931323,1.9000000001396984,0,0.19999999995343387,0
20000,False,retained,properties undo,1.8999999999068677,1,0.19999999995343387,0.30000000004656613,0,0.30000000004656613,0
20000,False,retained,properties redo,1.8000000000465661,0.9000000001396984,0.19999999995343387,0.30000000004656613,0,0.4000000001396984,0
20000,False,retained,insertion undo,3.299999999930151,2.199999999953434,0.19999999995343387,1.6000000000931323,0,0.39999999990686774,0
20000,False,retained,insertion redo,4.900000000023283,1.8000000000465661,0,1.2999999998137355,0,0.30000000004656613,0
20000,False,retained,structure undo,2.400000000023283,2.1000000000931323,0.39999999990686774,1.3000000000465661,0,0.30000000004656613,0
20000,False,retained,structure redo,6,5.100000000093132,0.09999999986030161,4.399999999906868,0,0.4000000001396984,0
20000,True,editor,typing undo,9.199999999953434,3,0.4000000001396984,1.7999999998137355,0,0.30000000004656613,0
20000,True,editor,typing redo,6.799999999930151,2.3999999999068677,0.19999999995343387,1.8000000000465661,0,0.2999999998137355,0
20000,True,editor,deletion undo,6.800000000046566,2.5999999998603016,0.20000000018626451,1.9000000001396984,0,0.2999999998137355,0
20000,True,editor,deletion redo,11.29999999993015,1.8999999999068677,0.19999999995343387,1.4000000001396984,0,0.19999999995343387,0
20000,True,editor,paste undo,12.900000000023283,3.6000000000931323,1.0999999998603016,1.5999999998603016,0,0.30000000004656613,0
20000,True,editor,paste redo,8.699999999953434,4,0.8000000000465661,2.0999999998603016,0,0.4000000001396984,0
20000,True,editor,properties undo,7.5,0.8000000000465661,0,0.39999999990686774,0,0.19999999995343387,0
20000,True,editor,properties redo,6,0.8999999999068677,0.10000000009313226,0.30000000004656613,0,0.30000000004656613,0
20000,True,editor,insertion undo,7.400000000023283,2.2999999998137355,0.19999999995343387,1.7000000001862645,0,0.2999999998137355,0
20000,True,editor,insertion redo,7.5,2,0.10000000009313226,1.5999999998603016,0,0.30000000004656613,0
20000,True,editor,structure undo,9,1.8999999999068677,0.30000000004656613,1.1999999999534339,0,0.19999999995343387,0
20000,True,editor,structure redo,10.099999999976717,3,0.19999999995343387,2.5,0,0.30000000004656613,0
20000,True,fileview,typing undo,9,3,0.30000000004656613,1.8000000000465661,0,0.39999999990686774,95.5
20000,True,fileview,typing redo,14.800000000046566,2.4000000001396984,0.10000000009313226,1.8999999999068677,0,0.30000000004656613,67.10000000009313
20000,True,fileview,deletion undo,9.900000000023283,2.5999999998603016,0.19999999995343387,2,0,0.39999999990686774,71.4000000001397
20000,True,fileview,deletion redo,6.599999999976717,1.9000000001396984,0.10000000009313226,1.6000000000931323,0,0.19999999995343387,63.699999999953434
20000,True,fileview,paste undo,8.699999999953434,3.800000000046566,0.8000000000465661,2.1000000000931323,0,0.19999999995343387,54.89999999990687
20000,True,fileview,paste redo,7.800000000046566,4.400000000139698,0.9000000001396984,2.699999999953434,0,0.4000000001396984,59.800000000046566
20000,True,fileview,properties undo,5.599999999976717,1.1000000000931323,0.10000000009313226,0.6999999999534339,0,0.30000000004656613,55.89999999990687
20000,True,fileview,properties redo,5.799999999930151,1,0,0.5999999998603016,0,0.20000000018626451,59.4000000001397
20000,True,fileview,insertion undo,7.5,2.5,0.10000000009313226,2,0,0.2999999998137355,57.39999999990687
20000,True,fileview,insertion redo,7.5,2.3999999999068677,0.19999999995343387,1.8000000000465661,0,0.39999999990686774,55.9000000001397
20000,True,fileview,structure undo,8.70000000006985,3.5999999998603016,0.5999999998603016,2.3999999999068677,0,0.30000000004656613,60
20000,True,fileview,structure redo,7.200000000069849,3.5,0,3.1000000000931323,0,0.19999999995343387,59.5
20000,True,layers,typing undo,100.10000000009313,3.7999999998137355,0.5999999998603016,2.300000000046566,0,0.30000000004656613,0
20000,True,layers,typing redo,87.19999999995343,2.699999999953434,0.10000000009313226,1.8999999999068677,0,0.30000000004656613,0
20000,True,layers,deletion undo,81.29999999993015,1.8000000000465661,0.19999999995343387,1.3000000000465661,0,0.30000000004656613,0
20000,True,layers,deletion redo,81.30000000004657,2.2000000001862645,0.20000000018626451,1.5,0,0.4000000001396984,0
20000,True,layers,paste undo,86.70000000006985,5.300000000046566,1.8999999999068677,2.1000000000931323,25.800000000046566,0.39999999990686774,0
20000,True,layers,paste redo,81.09999999997672,4.100000000093132,1.1000000000931323,2.0999999998603016,20.300000000046566,0.4000000001396984,0
20000,True,layers,properties undo,99,1.2000000001862645,0.20000000018626451,0.5,0,0.4000000001396984,0
20000,True,layers,properties redo,80.19999999995343,1.0999999998603016,0.09999999986030161,0.5,0,0.39999999990686774,0
20000,True,layers,insertion undo,85.90000000002328,1.8999999999068677,0.19999999995343387,1.2999999998137355,22.600000000093132,0.30000000004656613,0
20000,True,layers,insertion redo,77,2.5,0.19999999995343387,1.6999999999534339,20.600000000093132,0.39999999990686774,0
20000,True,layers,structure undo,89.40000000002328,2.199999999953434,0.4000000001396984,1.5,22.300000000046566,0.09999999986030161,0
20000,True,layers,structure redo,96.10000000009313,3.199999999953434,0,2.7000000001862645,21.699999999953434,0.2999999998137355,0
20000,True,properties,typing undo,11.20000000006985,2.8999999999068677,0.39999999990686774,1.5999999998603016,0,0.30000000004656613,0
20000,True,properties,typing redo,10.899999999906868,1.8999999999068677,0.10000000009313226,1.5,0,0.19999999995343387,0
20000,True,properties,deletion undo,9.5,2.1000000000931323,0.30000000004656613,1.5,0,0.30000000004656613,0
20000,True,properties,deletion redo,9.800000000046566,2.7000000001862645,0.30000000004656613,2,0,0.4000000001396984,0
20000,True,properties,paste undo,13.5,6.5,1.2000000001862645,4.2999999998137355,0,0.4000000001396984,0
20000,True,properties,paste redo,10.400000000023283,6.5,0.9000000001396984,4.800000000046566,0,0.2999999998137355,0
20000,True,properties,properties undo,8.70000000006985,0.8999999999068677,0,0.4000000001396984,0,0.2999999998137355,0
20000,True,properties,properties redo,9.300000000046566,1,0.10000000009313226,0.5,0,0.2999999998137355,0
20000,True,properties,insertion undo,10.800000000046566,1.8000000000465661,0.10000000009313226,1.3000000000465661,0,0.30000000004656613,0
20000,True,properties,insertion redo,13.800000000046566,2.5,0,1.8000000000465661,0,0.4000000001396984,0
20000,True,properties,structure undo,10.400000000023283,2,0.4000000001396984,1.3999999999068677,0,0.10000000009313226,0
20000,True,properties,structure redo,11.699999999953434,3.300000000046566,0.19999999995343387,2.699999999953434,0,0.30000000004656613,0
20000,True,heavy,typing undo,76.69999999995343,4,0.5,2.6000000000931323,0,0.30000000004656613,101.5
20000,True,heavy,typing redo,81.69999999995343,2.5999999998603016,0.09999999986030161,2.1000000000931323,0,0.19999999995343387,98.60000000009313
20000,True,heavy,deletion undo,76.69999999995343,4.600000000093132,0.30000000004656613,3.5,0,0.4000000001396984,68.20000000018626
20000,True,heavy,deletion redo,83.19999999995343,2.6000000000931323,0,2.0999999998603016,0,0.20000000018626451,57.300000000046566
20000,True,heavy,paste undo,73.30000000004657,5.300000000046566,1.4000000001396984,2.800000000046566,21.9000000001397,0.39999999990686774,59.699999999953434
20000,True,heavy,paste redo,110.70000000006985,5.800000000046566,1.4000000001396984,3.199999999953434,19.899999999906868,0.4000000001396984,93.9000000001397
20000,True,heavy,properties undo,78.59999999997672,1,0.09999999986030161,0.5,0,0.19999999995343387,61.4000000001397
20000,True,heavy,properties redo,71.29999999993015,1.1999999999534339,0.10000000009313226,0.7000000001862645,0,0.2999999998137355,59
20000,True,heavy,insertion undo,79,3.800000000046566,0.30000000004656613,3,21.799999999813735,0.4000000001396984,80.20000000018626
20000,True,heavy,insertion redo,87.40000000002328,3.5,0.10000000009313226,2.9000000001396984,22.5,0.30000000004656613,62.699999999953434
20000,True,heavy,structure undo,78.5,2.9000000001396984,0.30000000004656613,2.0999999998603016,22.899999999906868,0.20000000018626451,92.60000000009313
20000,True,heavy,structure redo,65.60000000009313,4.800000000046566,0.10000000009313226,4.2999999998137355,21.200000000186265,0.4000000001396984,65.69999999995343
20000,True,retained,typing undo,8.400000000023283,3.7000000001862645,0.5,2.0999999998603016,0,0.4000000001396984,0
20000,True,retained,typing redo,10.5,2.5999999998603016,0.10000000009313226,1.6999999999534339,0,0.5,0
20000,True,retained,deletion undo,7,2.199999999953434,0.10000000009313226,1.7000000001862645,0,0.19999999995343387,0
20000,True,retained,deletion redo,6.600000000093132,2.6000000000931323,0.19999999995343387,1.8999999999068677,0,0.4000000001396984,0
20000,True,retained,paste undo,9.800000000046566,4.199999999953434,1.5,1.8000000000465661,0,0.5,0
20000,True,retained,paste redo,8.400000000023283,5.600000000093132,1.5999999998603016,2.9000000001396984,0,0.5,0
20000,True,retained,properties undo,6.099999999976717,0.8999999999068677,0,0.39999999990686774,0,0.30000000004656613,0
20000,True,retained,properties redo,8.199999999953434,1.4000000001396984,0.10000000009313226,0.6000000000931323,0,0.5,0
20000,True,retained,insertion undo,9.5,1.8999999999068677,0.19999999995343387,1.3000000000465661,0,0.19999999995343387,0
20000,True,retained,insertion redo,12.699999999953434,2.4000000001396984,0.09999999986030161,1.9000000001396984,0,0.30000000004656613,0
20000,True,retained,structure undo,7.099999999976717,2.699999999953434,0.5,1.5999999998603016,0,0.4000000001396984,0
20000,True,retained,structure redo,11.5,4.5,0.09999999986030161,4.100000000093132,0,0.19999999995343387,0
40000,False,editor,typing undo,5.899999999906868,3.800000000046566,0.39999999990686774,2.3999999999068677,0,0.30000000004656613,0
40000,False,editor,typing redo,6.199999999953434,3.3999999999068677,0.10000000009313226,2.699999999953434,0,0.39999999990686774,0
40000,False,editor,deletion undo,5,3,0.09999999986030161,2.5,0,0.4000000001396984,0
40000,False,editor,deletion redo,4.400000000023283,2.699999999953434,0,2.1000000000931323,0,0.19999999995343387,0
40000,False,editor,paste undo,7.800000000046566,3.699999999953434,0.5999999998603016,2.6000000000931323,0,0.30000000004656613,0
40000,False,editor,paste redo,5.200000000069849,3.5,0.39999999990686774,2.5999999998603016,0,0.30000000004656613,0
40000,False,editor,properties undo,3,1,0,0.39999999990686774,0,0.20000000018626451,0
40000,False,editor,properties redo,2.200000000069849,0.9000000001396984,0.10000000009313226,0.39999999990686774,0,0.30000000004656613,0
40000,False,editor,insertion undo,6.099999999976717,3.300000000046566,0.19999999995343387,2.800000000046566,0,0.30000000004656613,0
40000,False,editor,insertion redo,4.400000000023283,2.800000000046566,0,2.300000000046566,0,0.30000000004656613,0
40000,False,editor,structure undo,5.5,3.800000000046566,0.5,2.7999999998137355,0,0.30000000004656613,0
40000,False,editor,structure redo,5.699999999953434,4.100000000093132,0.20000000018626451,3.6000000000931323,0,0.19999999995343387,0
40000,False,fileview,typing undo,5.399999999906868,4,0.30000000004656613,2.6000000000931323,0,0.6999999999534339,78.79999999981374
40000,False,fileview,typing redo,5.099999999976717,7.699999999953434,0.30000000004656613,6.600000000093132,0,0.5,46.699999999953434
40000,False,fileview,deletion undo,5,4.800000000046566,0.10000000009313226,4.199999999953434,0,0.19999999995343387,37.5
40000,False,fileview,deletion redo,3.699999999953434,2.5999999998603016,0.09999999986030161,2.199999999953434,0,0.19999999995343387,29.5
40000,False,fileview,paste undo,5.599999999976717,6,1.1999999999534339,3.9000000001396984,0,0.30000000004656613,28.5999999998603
40000,False,fileview,paste redo,5.199999999953434,5.199999999953434,0.30000000004656613,4.399999999906868,0,0.30000000004656613,27.5999999998603
40000,False,fileview,properties undo,2.199999999953434,0.8000000000465661,0.09999999986030161,0.30000000004656613,0,0.30000000004656613,32
40000,False,fileview,properties redo,2.699999999953434,0.6999999999534339,0.10000000009313226,0.19999999995343387,0,0.30000000004656613,27
40000,False,fileview,insertion undo,4.5,3.199999999953434,0.30000000004656613,2.6000000000931323,0,0.10000000009313226,28.300000000046566
40000,False,fileview,insertion redo,4.299999999930151,5.699999999953434,0.5999999998603016,4.5,0,0.39999999990686774,28.800000000046566
40000,False,fileview,structure undo,4.400000000023283,3,0.30000000004656613,2.3999999999068677,0,0.30000000004656613,26.5999999998603
40000,False,fileview,structure redo,11.199999999953434,6.300000000046566,0.10000000009313226,5.800000000046566,0,0.19999999995343387,23.399999999906868
40000,False,layers,typing undo,35.5,3.800000000046566,0.2999999998137355,2.5,0,0.30000000004656613,0
40000,False,layers,typing redo,34.09999999997672,3,0.10000000009313226,2.199999999953434,0,0.30000000004656613,0
40000,False,layers,deletion undo,31.099999999976717,2.2999999998137355,0.10000000009313226,1.8999999999068677,0,0.19999999995343387,0
40000,False,layers,deletion redo,29.5,2.800000000046566,0.10000000009313226,2.300000000046566,0,0.30000000004656613,0
40000,False,layers,paste undo,35.29999999993015,4.100000000093132,0.8000000000465661,2.5999999998603016,5.800000000046566,0.4000000001396984,0
40000,False,layers,paste redo,28.70000000006985,3.699999999953434,0.39999999990686774,2.800000000046566,5.2000000001862645,0.30000000004656613,0
40000,False,layers,properties undo,31.400000000023283,1,0.19999999995343387,0.5,0,0.30000000004656613,0
40000,False,layers,properties redo,28.599999999976717,0.8000000000465661,0,0.2999999998137355,0,0.30000000004656613,0
40000,False,layers,insertion undo,30.399999999906868,2.699999999953434,0.19999999995343387,2.199999999953434,5.600000000093132,0.30000000004656613,0
40000,False,layers,insertion redo,27.599999999976717,3.2999999998137355,0,2.6000000000931323,5.600000000093132,0.39999999990686774,0
40000,False,layers,structure undo,33.59999999997672,3.800000000046566,0.7000000001862645,2.6000000000931323,6.100000000093132,0.39999999990686774,0
40000,False,layers,structure redo,27.099999999976717,5.199999999953434,0.19999999995343387,4.599999999860302,5.800000000046566,0.30000000004656613,0
40000,False,properties,typing undo,7.299999999930151,3.1000000000931323,0.39999999990686774,1.8999999999068677,0,0.4000000001396984,0
40000,False,properties,typing redo,7.900000000023283,3.5999999998603016,0.10000000009313226,2.8999999999068677,0,0.39999999990686774,0
40000,False,properties,deletion undo,6,2.9000000001396984,0,2.199999999953434,0,0.30000000004656613,0
40000,False,properties,deletion redo,5.900000000023283,3.199999999953434,0.19999999995343387,2.5,0,0.4000000001396984,0
40000,False,properties,paste undo,6.400000000023283,3.699999999953434,0.9000000001396984,2.199999999953434,0,0.30000000004656613,0
40000,False,properties,paste redo,7.400000000023283,4.5,0.5,3.4000000001396984,0,0.2999999998137355,0
40000,False,properties,properties undo,5.200000000069849,1,0,0.39999999990686774,0,0.4000000001396984,0
40000,False,properties,properties redo,3.900000000023283,1.1000000000931323,0.19999999995343387,0.39999999990686774,0,0.4000000001396984,0
40000,False,properties,insertion undo,6.600000000093132,3.6000000000931323,0,2.8999999999068677,0,0.30000000004656613,0
40000,False,properties,insertion redo,6.599999999976717,3.5999999998603016,0,2.8999999999068677,0,0.5,0
40000,False,properties,structure undo,6.699999999953434,3.699999999953434,0.4000000001396984,2.699999999953434,0,0.30000000004656613,0
40000,False,properties,structure redo,7.699999999953434,4,0.19999999995343387,3.5,0,0.20000000018626451,0
40000,False,heavy,typing undo,25.699999999953434,5.300000000046566,0.39999999990686774,3.800000000046566,0,0.30000000004656613,78.70000000018626
40000,False,heavy,typing redo,28.099999999976717,3.300000000046566,0.10000000009313226,2.699999999953434,0,0.19999999995343387,35.699999999953434
40000,False,heavy,deletion undo,33.10000000009313,3,0.10000000009313226,2.5,0,0.30000000004656613,33.5999999998603
40000,False,heavy,deletion redo,30.70000000006985,2.9000000001396984,0.20000000018626451,2.3999999999068677,0,0.30000000004656613,38.0999999998603
40000,False,heavy,paste undo,32,4.600000000093132,1,3,4.800000000046566,0.30000000004656613,26.600000000093132
40000,False,heavy,paste redo,28,3.5,0.19999999995343387,2.9000000001396984,5.599999999860302,0.19999999995343387,25.699999999953434
40000,False,heavy,properties undo,26.900000000023283,0.6000000000931323,0.10000000009313226,0.2999999998137355,0,0.10000000009313226,27.300000000046566
40000,False,heavy,properties redo,22.300000000046566,0.7999999998137355,0.19999999995343387,0.39999999990686774,0,0.19999999995343387,27.799999999813735
40000,False,heavy,insertion undo,31.900000000023283,5.400000000139698,0.19999999995343387,4.300000000046566,5.800000000046566,0.5,31.5
40000,False,heavy,insertion redo,24.29999999993015,2.8999999999068677,0.09999999986030161,2.3999999999068677,4.600000000093132,0.30000000004656613,24.699999999953434
40000,False,heavy,structure undo,25.5,4.5,0.5,3.5,5.800000000046566,0.4000000001396984,30.199999999953434
40000,False,heavy,structure redo,35.39999999990687,6.400000000139698,0.19999999995343387,5.699999999953434,6.100000000093132,0.4000000001396984,24.399999999906868
40000,False,retained,typing undo,7.699999999953434,3.800000000046566,0.39999999990686774,2.5,0,0.30000000004656613,0
40000,False,retained,typing redo,6.100000000093132,3.5999999998603016,0.09999999986030161,2.699999999953434,0,0.5,0
40000,False,retained,deletion undo,5.199999999953434,2.8999999999068677,0.10000000009313226,2.2999999998137355,0,0.30000000004656613,0
40000,False,retained,deletion redo,5.199999999953434,3.3999999999068677,0.10000000009313226,2.7000000001862645,0,0.39999999990686774,0
40000,False,retained,paste undo,6.199999999953434,3.5,0.8000000000465661,2.0999999998603016,0,0.20000000018626451,0
40000,False,retained,paste redo,6.399999999906868,3.1000000000931323,0.2999999998137355,2.3999999999068677,0,0.20000000018626451,0
40000,False,retained,properties undo,3.300000000046566,1.2999999998137355,0.09999999986030161,0.5,0,0.39999999990686774,0
40000,False,retained,properties redo,3.0999999998603016,0.6999999999534339,0,0.30000000004656613,0,0.19999999995343387,0
40000,False,retained,insertion undo,4.2999999998137355,2.5,0.19999999995343387,2.1000000000931323,0,0.19999999995343387,0
40000,False,retained,insertion redo,4.2000000001862645,2.4000000001396984,0,1.9000000001396984,0,0.30000000004656613,0
40000,False,retained,structure undo,4.199999999953434,2.6000000000931323,0.30000000004656613,1.8999999999068677,0,0.30000000004656613,0
40000,False,retained,structure redo,5.399999999906868,3.7999999998137355,0.10000000009313226,3.300000000046566,0,0.19999999995343387,0
40000,True,editor,typing undo,15.300000000046566,4.300000000046566,0.39999999990686774,2.800000000046566,0,0.4000000001396984,0
40000,True,editor,typing redo,12.199999999953434,3.1000000000931323,0.10000000009313226,2.5,0,0.4000000001396984,0
40000,True,editor,deletion undo,12.200000000186265,2.699999999953434,0.19999999995343387,2.2000000001862645,0,0.19999999995343387,0
40000,True,editor,deletion redo,12.699999999953434,2.5,0.10000000009313226,2,0,0.20000000018626451,0
40000,True,editor,paste undo,13.5,4.399999999906868,1.1999999999534339,2.300000000046566,0,0.2999999998137355,0
40000,True,editor,paste redo,16,4.899999999906868,1,3.2000000001862645,0,0.2999999998137355,0
40000,True,editor,properties undo,12.600000000093132,1.1999999999534339,0.19999999995343387,0.8000000000465661,0,0.19999999995343387,0
40000,True,editor,properties redo,12,1.0999999998603016,0.10000000009313226,0.5,0,0.2999999998137355,0
40000,True,editor,insertion undo,15.300000000046566,2.8999999999068677,0.19999999995343387,2.199999999953434,0,0.39999999990686774,0
40000,True,editor,insertion redo,13.199999999953434,2.5,0.10000000009313226,2,0,0.30000000004656613,0
40000,True,editor,structure undo,13.899999999906868,3.1000000000931323,0.30000000004656613,2.3999999999068677,0,0.30000000004656613,0
40000,True,editor,structure redo,21.100000000093132,4.300000000046566,0,3.8999999999068677,0,0.20000000018626451,0
40000,True,fileview,typing undo,15.899999999906868,5.199999999953434,0.39999999990686774,3.800000000046566,0,0.39999999990686774,0
40000,True,fileview,typing redo,13.599999999860302,6.199999999953434,0,4.899999999906868,0,1.1999999999534339,244.5
40000,True,fileview,deletion undo,13,10.599999999860302,0.4000000001396984,9.300000000046566,0,0.5999999998603016,195.60000000009313
40000,True,fileview,deletion redo,11.5,7.399999999906868,0.09999999986030161,5.899999999906868,0,1.1999999999534339,151.19999999995343
40000,True,fileview,paste undo,14.5,8.800000000046566,1.8999999999068677,5.699999999953434,0,0.4000000001396984,122.0999999998603
40000,True,fileview,paste redo,14.399999999906868,8.099999999860302,1.1000000000931323,6.099999999860302,0,0.30000000004656613,122.80000000004657
40000,True,fileview,properties undo,10.199999999953434,0.7000000001862645,0.10000000009313226,0.39999999990686774,0,0.20000000018626451,103.5
40000,True,fileview,properties redo,10.600000000093132,0.6999999999534339,0,0.39999999990686774,0,0.19999999995343387,105.89999999990687
40000,True,fileview,insertion undo,12.899999999906868,3.699999999953434,0.09999999986030161,3.0999999998603016,0,0.19999999995343387,136.5
40000,True,fileview,insertion redo,14.699999999953434,5.600000000093132,0,5.100000000093132,0,0.30000000004656613,115.19999999995343
40000,True,fileview,structure undo,12.599999999860302,6.800000000046566,0.19999999995343387,5.899999999906868,0,0.39999999990686774,178.60000000009313
40000,True,fileview,structure redo,12.800000000046566,6.100000000093132,0.10000000009313226,4.899999999906868,0,1.1000000000931323,101.60000000009313
40000,True,layers,typing undo,171.10000000009313,4.399999999906868,0.5,2.699999999953434,0,0.39999999990686774,0
40000,True,layers,typing redo,161.5999999998603,2.5,0.19999999995343387,2.1000000000931323,0,0.19999999995343387,0
40000,True,layers,deletion undo,144.5999999998603,11.199999999953434,1.6000000000931323,8.899999999906868,0,0.5,0
40000,True,layers,deletion redo,145.80000000004657,3.1000000000931323,0.19999999995343387,2.4000000001396984,0,0.30000000004656613,0
40000,True,layers,paste undo,150.60000000009313,5.399999999906868,1.7999999998137355,2.5,41.10000000009313,0.39999999990686774,0
40000,True,layers,paste redo,148.89999999990687,16.300000000046566,2.199999999953434,11,52.699999999953434,0.6999999999534339,0
40000,True,layers,properties undo,160.4000000001397,1.1000000000931323,0.10000000009313226,0.4000000001396984,0,0.39999999990686774,0
40000,True,layers,properties redo,151.89999999990687,5,3.5999999998603016,0.5,0,0.6999999999534339,0
40000,True,layers,insertion undo,164.19999999995343,3.2000000001862645,0.20000000018626451,2.6000000000931323,46.300000000046566,0.30000000004656613,0
40000,True,layers,insertion redo,156,3.4000000001396984,0.20000000018626451,2.8999999999068677,43.199999999953434,0.30000000004656613,0
40000,True,layers,structure undo,156,3.800000000046566,0.6000000000931323,2.9000000001396984,43.4000000001397,0.19999999995343387,0
40000,True,layers,structure redo,134.5,6.899999999906868,0.09999999986030161,6.300000000046566,43.299999999813735,0.30000000004656613,0
40000,True,properties,typing undo,18.100000000093132,4.099999999860302,0.30000000004656613,2.5,0,0.5,0
40000,True,properties,typing redo,16.700000000186265,3,0.09999999986030161,2.3999999999068677,0,0.30000000004656613,0
40000,True,properties,deletion undo,16.899999999906868,6.900000000139698,0.30000000004656613,5.800000000046566,0,0.6000000000931323,0
40000,True,properties,deletion redo,17,4.100000000093132,0.30000000004656613,3.3999999999068677,0,0.30000000004656613,0
40000,True,properties,paste undo,21.300000000046566,10.600000000093132,1.1000000000931323,8.5,0,0.5,0
40000,True,properties,paste redo,24.800000000046566,20.899999999906868,4.300000000046566,14.899999999906868,0,0.6999999999534339,0
40000,True,properties,properties undo,15.300000000046566,1.2000000001862645,0.10000000009313226,0.6999999999534339,0,0.20000000018626451,0
40000,True,properties,properties redo,17.699999999953434,0.7999999998137355,0.09999999986030161,0.39999999990686774,0,0.19999999995343387,0
40000,True,properties,insertion undo,17.399999999906868,4.5,0.19999999995343387,3.5,0,0.4000000001396984,0
40000,True,properties,insertion redo,22.800000000046566,3.199999999953434,0.10000000009313226,2.6000000000931323,0,0.39999999990686774,0
40000,True,properties,structure undo,18.9000000001397,4.7000000001862645,0.6000000000931323,3.699999999953434,0,0.30000000004656613,0
40000,True,properties,structure redo,19.100000000093132,4.899999999906868,0.10000000009313226,4.400000000139698,0,0.19999999995343387,0
40000,True,heavy,typing undo,147,4,0.39999999990686774,2.9000000001396984,0,0.30000000004656613,149
40000,True,heavy,typing redo,159.20000000018626,5.600000000093132,0,4.899999999906868,0,0.4000000001396984,125.10000000009313
40000,True,heavy,deletion undo,142.19999999995343,3.300000000046566,0.10000000009313226,3,0,0.19999999995343387,107.69999999995343
40000,True,heavy,deletion redo,153.19999999995343,2.9000000001396984,0.10000000009313226,2.4000000001396984,0,0.19999999995343387,111.39999999990687
40000,True,heavy,paste undo,190.30000000004657,5.5,1,3.5,33.699999999953434,0.30000000004656613,107.60000000009313
40000,True,heavy,paste redo,178.80000000004657,5.699999999953434,0.6999999999534339,4,33.800000000046566,0.5,112.39999999990687
40000,True,heavy,properties undo,143.10000000009313,0.6000000000931323,0,0.39999999990686774,0,0.10000000009313226,108.0999999998603
40000,True,heavy,properties redo,155.5999999998603,0.8000000000465661,0,0.4000000001396984,0,0.30000000004656613,104.10000000009313
40000,True,heavy,insertion undo,141.19999999995343,3.5,0.10000000009313226,2.8999999999068677,40,0.30000000004656613,103.5
40000,True,heavy,insertion redo,149.5,3.0999999998603016,0.10000000009313226,2.5,33.300000000046566,0.30000000004656613,108.69999999995343
40000,True,heavy,structure undo,154.10000000009313,3.5,0.39999999990686774,2.6000000000931323,42.300000000046566,0.30000000004656613,142.29999999981374
40000,True,heavy,structure redo,122.20000000018626,4.800000000046566,0,4.300000000046566,38.10000000009313,0.30000000004656613,105.10000000009313
40000,True,retained,typing undo,15.100000000093132,5,0.5,3.3999999999068677,0,0.4000000001396984,0
40000,True,retained,typing redo,13.599999999860302,2.699999999953434,0.10000000009313226,2.199999999953434,0,0.19999999995343387,0
40000,True,retained,deletion undo,14.5,2.699999999953434,0.19999999995343387,2.199999999953434,0,0.19999999995343387,0
40000,True,retained,deletion redo,15.800000000046566,2.6000000000931323,0.19999999995343387,2,0,0.30000000004656613,0
40000,True,retained,paste undo,13.199999999953434,6.800000000046566,2,3.3999999999068677,0,0.5,0
40000,True,retained,paste redo,16.399999999906868,4.899999999906868,1,3.199999999953434,0,0.30000000004656613,0
40000,True,retained,properties undo,12,0.8000000000465661,0.19999999995343387,0.39999999990686774,0,0.20000000018626451,0
40000,True,retained,properties redo,11.400000000139698,1.5999999998603016,0.20000000018626451,0.8999999999068677,0,0.39999999990686774,0
40000,True,retained,insertion undo,13.800000000046566,2.8999999999068677,0.19999999995343387,2.199999999953434,0,0.30000000004656613,0
40000,True,retained,insertion redo,16,3.2999999998137355,0.19999999995343387,2.699999999953434,0,0.30000000004656613,0
40000,True,retained,structure undo,13.199999999953434,2.7999999998137355,0.39999999990686774,2.0999999998603016,0,0.19999999995343387,0
40000,True,retained,structure redo,13.900000000139698,3.800000000046566,0,3.4000000001396984,0,0.19999999995343387,0
